season,team_id,team,games,xgf,xga,hdf,hda
20252026,1,NJD,82,253.046,240.278,746,700
20252026,2,NYI,82,245.865,256.881,693,752
20252026,3,NYR,82,221.213,243.355,625,673
20252026,4,PHI,82,233.834,229.349,666,639
20252026,5,PIT,82,266.918,255.753,749,724
20252026,6,BOS,82,229.688,265.644,643,779
20252026,7,BUF,82,243.942,245.104,706,694
20252026,8,MTL,82,241.138,252.821,691,758
20252026,9,OTT,82,255.367,205.286,732,570
20252026,10,TOR,82,226.515,271.859,673,779
20252026,12,CAR,82,282.564,224.529,807,716
20252026,13,FLA,82,252.181,230.371,712,682
20252026,14,TBL,82,256.861,223.806,763,634
20252026,15,WSH,82,245.64,252.909,689,726
20252026,16,CHI,82,216.557,275.307,642,859
20252026,17,DET,82,247.184,244.458,697,667
20252026,18,NSH,82,241.116,258.792,659,790
20252026,19,STL,82,220.412,232.13,676,660
20252026,20,CGY,82,226.996,259.827,627,751
20252026,21,COL,82,281.901,226.246,804,658
20252026,22,EDM,82,266.257,247.119,777,733
20252026,23,VAN,82,228.14,270.647,615,830
20252026,24,ANA,82,268.303,256.747,737,715
20252026,25,DAL,82,236.27,222.886,737,626
20252026,26,LAK,82,245.693,238.031,695,682
20252026,28,SJS,82,228.362,257.285,693,737
20252026,29,CBJ,82,244.851,249.036,684,697
20252026,30,MIN,82,257.193,243.525,748,637
20252026,52,WPG,82,229.4,244.502,680,713
20252026,54,VGK,82,263.271,215.721,819,598
20252026,55,SEA,82,216.251,248.443,582,644
20252026,68,UTA,82,239.311,223.593,664,608
