season,player_id,games,attempts,ixg,hd_attempts,pp_ixg
20252026,8470613,77,264,6.3845,8,0.763
20252026,8470621,63,174,15.9797,52,7.2304
20252026,8471214,82,383,27.3584,56,10.9518
20252026,8471215,52,197,17.2751,49,5.805
20252026,8471675,62,240,20.9987,62,9.3155
20252026,8471685,57,163,15.1608,48,5.2623
20252026,8471724,67,161,6.0844,11,1.0511
20252026,8471817,27,40,3.2833,10,0.0
20252026,8473419,50,214,17.3267,50,6.3906
20252026,8473422,37,66,5.2053,15,1.3346
20252026,8473507,49,94,2.85,4,0.4958
20252026,8473512,68,190,13.4473,36,3.0184
20252026,8473533,67,180,16.3741,54,3.6596
20252026,8473604,68,151,13.4055,46,5.1119
20252026,8473986,81,214,16.7797,52,2.3956
20252026,8473994,47,101,9.9646,35,1.3431
20252026,8474013,58,112,3.6814,5,0.0
20252026,8474037,63,167,16.7286,54,7.998
20252026,8474090,6,10,0.2967,0,0.0
20252026,8474102,54,129,11.4203,33,3.5107
20252026,8474141,64,246,18.0477,45,6.6757
20252026,8474149,16,27,1.6288,3,0.1316
20252026,8474150,76,268,15.8752,40,2.2003
20252026,8474151,36,70,2.6138,6,0.1382
20252026,8474189,48,89,7.381,22,1.0259
20252026,8474563,65,152,4.9948,3,2.0467
20252026,8474564,82,303,26.4569,75,9.2203
20252026,8474567,31,49,1.124,1,0.0
20252026,8474568,34,57,0.7972,0,0.0
20252026,8474574,65,135,4.6779,5,0.1015
20252026,8474578,74,290,12.1658,16,4.2985
20252026,8474586,76,259,24.6827,90,10.1301
20252026,8474590,70,241,10.4925,20,2.5422
20252026,8474600,68,252,12.31,20,4.1717
20252026,8474612,17,27,0.583,0,0.0
20252026,8474641,56,126,9.1594,25,1.2628
20252026,8474679,39,87,7.522,22,2.0034
20252026,8474716,65,130,5.3484,12,1.066
20252026,8475149,64,152,12.0734,37,2.2464
20252026,8475151,25,101,9.8658,30,6.0236
20252026,8475158,76,236,24.9594,89,8.6455
20252026,8475166,81,301,31.4627,119,12.1387
20252026,8475167,30,87,3.1068,1,1.4702
20252026,8475168,50,137,13.6966,42,6.9705
20252026,8475169,65,266,16.6062,34,3.5579
20252026,8475170,68,183,17.6964,64,5.7264
20252026,8475171,67,161,5.7943,7,1.1434
20252026,8475172,76,325,27.1948,80,9.4596
20252026,8475179,14,25,0.6234,1,0.0
20252026,8475181,18,29,0.9909,1,0.0
20252026,8475184,68,225,20.812,68,7.984
20252026,8475188,54,131,4.2188,7,0.1189
20252026,8475191,60,135,10.7132,34,1.3141
20252026,8475200,69,149,5.7828,9,1.4384
20252026,8475208,59,102,2.9089,3,0.0326
20252026,8475218,75,204,8.7069,17,0.3837
20252026,8475220,46,93,7.7965,32,0.6826
20252026,8475231,58,127,10.5873,37,0.0
20252026,8475235,17,27,1.5516,3,0.0
20252026,8475253,2,3,0.263,1,0.0
20252026,8475279,70,161,4.0587,6,0.0
20252026,8475287,74,209,15.2589,43,3.165
20252026,8475314,82,313,28.6444,77,9.1448
20252026,8475324,44,72,2.1336,3,0.0536
20252026,8475343,56,106,8.1892,24,0.1683
20252026,8475413,2,3,0.2014,0,0.0
20252026,8475455,49,84,1.9728,1,0.0
20252026,8475461,1,1,0.0122,0,0.0
20252026,8475462,45,101,1.7418,0,0.1253
20252026,8475690,8,10,0.1671,0,0.0
20252026,8475692,59,203,16.749,52,6.372
20252026,8475714,39,65,3.9254,14,0.412
20252026,8475718,8,10,0.2748,1,0.0
20252026,8475722,54,192,19.0733,67,7.6331
20252026,8475726,77,252,21.7874,70,11.1985
20252026,8475745,73,208,19.6271,61,5.6129
20252026,8475752,21,41,2.8737,10,0.0
20252026,8475753,72,204,8.8785,14,2.5507
20252026,8475754,78,266,26.1939,88,6.5395
20252026,8475755,40,71,2.0363,1,0.0
20252026,8475760,53,113,7.934,22,0.1001
20252026,8475762,1,1,0.0762,0,0.0
20252026,8475763,25,65,5.1857,14,0.5637
20252026,8475764,65,123,4.6877,9,0.8912
20252026,8475765,71,214,17.4963,54,6.1658
20252026,8475768,47,118,9.7336,29,2.4476
20252026,8475784,30,81,6.3056,18,1.7551
20252026,8475786,58,240,26.9566,99,9.7592
20252026,8475790,32,52,0.9579,0,0.0
20252026,8475791,72,209,18.351,60,5.0311
20252026,8475794,24,58,5.5078,16,2.3403
20252026,8475795,7,10,0.3294,0,0.0
20252026,8475798,53,180,15.1016,44,6.3028
20252026,8475799,52,117,10.6474,42,2.4499
20252026,8475810,72,301,27.5046,83,10.5191
20252026,8475842,55,117,7.1724,21,0.0
20252026,8475848,66,177,13.8037,42,1.9402
20252026,8475857,1,1,0.0116,0,0.0
20252026,8475906,49,138,5.3929,6,2.2546
20252026,8475913,57,205,22.3754,95,10.3541
20252026,8476278,49,102,6.5009,19,0.0698
20252026,8476292,58,133,11.3148,44,1.5547
20252026,8476312,71,178,6.8776,15,0.1225
20252026,8476331,67,132,3.0522,2,0.0
20252026,8476372,63,150,3.4586,3,0.0
20252026,8476374,67,158,8.834,26,0.0
20252026,8476389,64,206,18.4466,55,9.2892
20252026,8476391,1,1,0.1175,0,0.0
20252026,8476392,56,124,10.6681,33,0.4373
20252026,8476393,59,108,8.094,24,0.0
20252026,8476399,66,240,19.784,61,3.251
20252026,8476419,57,124,10.6807,35,0.262
20252026,8476422,38,95,2.0355,1,0.0177
20252026,8476425,1,3,0.3088,1,0.0
20252026,8476429,59,116,2.8724,2,0.0326
20252026,8476432,63,212,16.3402,46,2.1616
20252026,8476438,41,114,9.8023,31,0.0
20252026,8476441,71,164,4.6539,7,0.0
20252026,8476448,12,36,2.4542,6,0.2547
20252026,8476453,76,368,26.4028,62,7.8477
20252026,8476454,69,205,19.6648,64,8.0054
20252026,8476455,56,207,17.9746,52,4.6115
20252026,8476456,46,126,11.1999,36,4.0582
20252026,8476457,63,149,4.1684,5,0.1022
20252026,8476458,39,90,6.9581,21,0.5494
20252026,8476459,79,336,26.5611,80,10.7725
20252026,8476460,78,270,25.4564,89,7.6618
20252026,8476461,70,179,13.4622,42,1.6728
20252026,8476462,76,298,10.4272,16,3.6906
20252026,8476463,54,105,2.5649,3,0.0
20252026,8476467,61,118,3.5423,3,0.2445
20252026,8476468,63,234,21.3653,68,9.0464
20252026,8476469,58,136,9.6851,27,2.3844
20252026,8476473,64,104,3.0477,4,0.0
20252026,8476474,35,74,6.3632,23,3.2128
20252026,8476479,58,129,10.1814,35,1.8026
20252026,8476480,43,110,8.7359,26,2.2332
20252026,8476483,59,244,24.7843,77,9.6712
20252026,8476525,15,34,0.934,0,0.3434
20252026,8476539,61,203,16.9122,52,9.1981
20252026,8476624,57,91,7.2052,26,0.0
20252026,8476822,39,68,6.1054,23,0.0957
20252026,8476826,68,174,12.2129,42,0.987
20252026,8476853,74,221,8.3924,14,2.3509
20252026,8476854,59,148,5.3019,4,1.5396
20252026,8476856,8,14,0.4258,0,0.0
20252026,8476867,22,47,2.6473,8,0.0
20252026,8476869,73,169,6.716,13,1.8475
20252026,8476871,40,77,5.093,17,0.0774
20252026,8476872,58,151,10.639,34,0.9132
20252026,8476873,57,105,10.4363,39,0.2405
20252026,8476874,27,51,1.8798,3,0.0
20252026,8476875,65,161,5.0658,8,0.2093
20252026,8476878,62,140,11.0976,34,0.4378
20252026,8476879,59,97,2.6134,4,0.1012
20252026,8476880,69,228,20.9207,74,9.1928
20252026,8476881,77,319,33.8982,123,18.0176
20252026,8476882,64,148,10.5939,35,4.8671
20252026,8476885,76,237,7.0484,11,0.9618
20252026,8476887,82,392,26.9105,67,9.2371
20252026,8476889,39,59,4.4102,14,0.0
20252026,8476891,54,118,2.5074,1,0.4078
20252026,8476892,65,175,5.5855,5,0.1287
20252026,8476897,30,57,4.5349,16,1.7579
20252026,8476902,65,119,4.5635,5,0.7736
20252026,8476905,69,128,9.8173,25,3.8842
20252026,8476906,52,198,8.4159,12,3.9982
20252026,8476907,4,8,0.6647,2,0.0
20252026,8476917,77,213,5.9275,5,0.0
20252026,8476921,70,186,12.4108,34,0.2031
20252026,8476923,63,149,8.3274,23,2.1699
20252026,8476925,55,111,8.9257,31,0.4647
20252026,8476927,29,78,5.3995,18,0.226
20252026,8476931,61,120,4.5195,9,0.2785
20252026,8476952,7,15,0.9452,1,0.0
20252026,8476958,35,93,2.2653,1,0.2218
20252026,8476967,65,136,3.4223,2,0.0
20252026,8476979,2,3,0.0751,0,0.0441
20252026,8476981,60,131,11.0789,39,0.2844
20252026,8476994,53,105,7.3782,22,0.9404
20252026,8477015,67,186,16.3965,52,4.6359
20252026,8477018,39,91,3.003,2,0.0
20252026,8477021,24,44,2.6687,7,0.3505
20252026,8477034,1,1,0.0308,0,0.0
20252026,8477070,29,66,4.7236,12,0.0577
20252026,8477073,4,5,0.163,0,0.0
20252026,8477149,14,27,2.0235,8,0.0
20252026,8477220,64,144,4.4571,7,0.7895
20252026,8477320,2,5,0.2402,0,0.0
20252026,8477346,72,234,6.6032,5,1.9099
20252026,8477365,36,59,1.8625,3,0.0
20252026,8477369,52,96,3.6557,12,0.1379
20252026,8477380,44,110,6.925,17,0.6753
20252026,8477401,2,3,0.3077,1,0.0
20252026,8477402,75,220,20.3797,79,6.0768
20252026,8477404,80,314,32.6356,118,13.2282
20252026,8477406,21,39,3.176,11,0.0
20252026,8477407,52,113,8.8967,26,2.8009
20252026,8477409,77,273,21.5765,63,6.8724
20252026,8477416,74,203,17.7193,54,8.9339
20252026,8477419,1,1,0.0002,0,0.0
20252026,8477425,45,103,7.7503,23,0.4388
20252026,8477426,44,112,9.1349,27,2.4144
20252026,8477429,74,181,16.2359,50,3.7083
20252026,8477435,17,41,1.1158,2,0.0
20252026,8477444,59,129,12.5366,39,2.7104
20252026,8477446,68,169,10.7808,23,0.2203
20252026,8477447,66,199,9.0419,21,1.6217
20252026,8477450,53,120,8.1015,23,0.0761
20252026,8477451,72,272,21.3837,62,5.2278
20252026,8477454,35,66,5.587,20,0.0
20252026,8477456,63,140,12.0608,43,1.3999
20252026,8477463,5,8,0.2569,1,0.0
20252026,8477465,1,1,0.0007,0,0.0
20252026,8477476,64,231,23.6067,90,5.707
20252026,8477478,57,131,9.4776,32,0.1807
20252026,8477479,77,250,25.0136,85,10.4956
20252026,8477488,28,65,2.3431,7,0.0
20252026,8477492,79,467,38.0149,106,13.8511
20252026,8477494,58,139,12.4954,36,3.5656
20252026,8477495,47,149,6.0976,6,3.322
20252026,8477496,65,193,16.2189,48,6.4512
20252026,8477497,66,174,15.5315,58,3.0932
20252026,8477498,78,238,6.5758,5,0.3739
20252026,8477499,36,90,3.8989,7,1.0437
20252026,8477500,68,319,28.0605,90,10.8192
20252026,8477501,68,246,21.2529,73,5.8572
20252026,8477503,68,172,12.1457,38,3.803
20252026,8477504,72,224,9.6758,12,3.2904
20252026,8477505,64,131,12.5007,40,5.7801
20252026,8477506,63,141,3.9873,4,0.3103
20252026,8477507,67,162,4.4936,6,0.1248
20252026,8477508,31,50,4.267,13,0.0
20252026,8477511,78,212,19.112,61,5.7168
20252026,8477527,37,57,4.4886,10,0.0303
20252026,8477541,8,10,0.2195,0,0.0
20252026,8477573,35,61,4.9022,18,0.093
20252026,8477810,48,75,1.5997,2,0.0
20252026,8477839,55,131,10.0229,30,1.2422
20252026,8477845,45,67,3.0559,9,0.0
20252026,8477851,1,2,0.0316,0,0.0
20252026,8477903,43,61,3.4135,6,0.0
20252026,8477919,52,123,8.6472,26,2.417
20252026,8477931,14,22,1.4732,3,0.0
20252026,8477932,65,155,5.6589,9,1.6651
20252026,8477933,62,279,28.9709,106,16.0081
20252026,8477934,63,296,25.4459,67,12.6902
20252026,8477935,73,310,26.6789,84,8.7359
20252026,8477938,24,44,1.6999,3,0.2546
20252026,8477939,63,236,17.1083,43,4.8725
20252026,8477940,80,312,18.7507,36,4.8418
20252026,8477942,55,243,19.4113,52,7.429
20252026,8477946,74,347,31.5284,110,14.861
20252026,8477947,24,49,4.5634,17,0.7428
20252026,8477948,66,162,7.6743,17,0.9379
20252026,8477949,78,322,23.5045,71,6.213
20252026,8477950,71,209,7.035,10,1.0975
20252026,8477951,81,291,28.0697,99,11.132
20252026,8477952,17,39,3.5173,9,0.0
20252026,8477953,38,96,6.2193,18,0.2675
20252026,8477955,50,173,13.006,33,5.6417
20252026,8477956,76,385,27.7841,74,9.7232
20252026,8477960,80,348,25.7151,87,9.1183
20252026,8477964,76,200,17.6884,64,2.1562
20252026,8477969,65,123,3.0054,0,0.1359
20252026,8477971,2,2,0.1045,0,0.0
20252026,8477979,6,11,0.9379,3,0.0698
20252026,8477986,64,254,9.4883,8,3.0367
20252026,8477987,70,220,17.678,55,6.1813
20252026,8477989,73,223,21.457,65,5.6028
20252026,8477993,15,22,1.8618,6,0.4373
20252026,8477996,13,22,2.2761,10,0.0
20252026,8477998,65,176,13.077,32,1.2785
20252026,8478010,58,190,22.1201,96,11.0584
20252026,8478013,51,132,5.0297,9,0.7986
20252026,8478020,69,148,12.009,39,0.3341
20252026,8478038,61,167,7.0308,15,0.5157
20252026,8478042,67,269,20.0476,62,5.9409
20252026,8478043,8,14,0.8294,0,0.0
20252026,8478046,36,74,6.2209,18,0.5503
20252026,8478047,67,223,15.5688,40,3.8321
20252026,8478048,2,2,0.0068,0,0.0
20252026,8478055,69,168,5.0587,3,0.452
20252026,8478057,38,79,8.0872,30,1.2358
20252026,8478062,3,5,0.0845,0,0.0
20252026,8478104,13,23,2.1733,5,0.0
20252026,8478109,71,202,16.2565,44,5.163
20252026,8478133,50,110,9.7253,37,0.0
20252026,8478136,55,95,3.2159,6,0.0
20252026,8478147,1,3,0.2866,1,0.0
20252026,8478173,5,9,0.4988,0,0.0
20252026,8478178,69,322,14.3611,14,7.0762
20252026,8478211,3,4,0.369,1,0.0
20252026,8478233,47,94,8.4087,23,0.5362
20252026,8478366,46,116,7.1435,21,1.4187
20252026,8478396,63,197,6.2932,8,0.96
20252026,8478397,77,276,12.935,28,4.1646
20252026,8478398,82,393,31.5719,92,7.7077
20252026,8478399,52,101,3.4972,9,0.0
20252026,8478401,71,204,19.6388,60,8.8279
20252026,8478402,81,421,42.3769,151,15.1484
20252026,8478403,74,366,25.7363,64,8.1018
20252026,8478407,75,243,10.5122,12,3.9356
20252026,8478413,26,50,2.5707,7,0.0
20252026,8478414,76,427,32.3825,96,10.5393
20252026,8478416,48,80,2.5884,5,0.0515
20252026,8478420,63,221,19.8231,60,8.1868
20252026,8478421,64,167,14.5036,47,0.5657
20252026,8478424,31,60,5.1027,20,0.0448
20252026,8478427,76,313,25.8657,74,7.9051
20252026,8478434,65,105,6.7274,21,0.0
20252026,8478438,76,202,18.5611,61,3.2119
20252026,8478439,75,257,21.8783,70,7.9282
20252026,8478440,73,212,19.059,56,8.236
20252026,8478443,41,93,1.9599,1,0.0194
20252026,8478444,71,244,21.2763,70,9.4406
20252026,8478445,76,283,21.8742,67,7.5368
20252026,8478449,52,174,18.6816,74,9.2938
20252026,8478450,53,99,2.6919,2,0.1085
20252026,8478452,5,11,0.2439,0,0.0
20252026,8478454,31,46,1.3704,2,0.0448
20252026,8478458,63,223,18.2176,56,3.3717
20252026,8478460,75,386,16.2343,19,4.5957
20252026,8478462,62,120,11.288,34,3.2821
20252026,8478463,75,235,19.4174,56,3.2152
20252026,8478468,58,120,4.226,8,0.1379
20252026,8478469,54,150,5.8532,8,1.1966
20252026,8478472,38,67,5.2034,19,0.0
20252026,8478474,76,223,18.907,62,2.237
20252026,8478476,23,31,1.037,2,0.1335
20252026,8478483,73,258,19.194,53,6.7021
20252026,8478493,69,275,22.2634,63,10.467
20252026,8478498,80,328,32.0478,108,17.965
20252026,8478500,77,230,8.1363,14,1.8134
20252026,8478502,2,2,0.1393,0,0.0
20252026,8478507,57,88,2.852,5,0.0
20252026,8478508,73,158,13.5811,40,0.4651
20252026,8478519,65,180,18.0551,64,3.1515
20252026,8478542,67,244,14.7472,36,3.3363
20252026,8478550,75,363,24.3571,47,9.8509
20252026,8478569,51,129,10.8679,30,0.6073
20252026,8478831,62,113,7.3861,18,0.9784
20252026,8478840,54,101,2.1844,1,0.2031
20252026,8478841,14,18,0.4957,1,0.0
20252026,8478851,52,93,2.9397,5,0.0
20252026,8478854,63,125,4.4203,11,0.0
20252026,8478856,66,217,15.187,33,4.8015
20252026,8478859,54,125,4.0645,6,0.208
20252026,8478864,78,422,35.3725,104,16.5613
20252026,8478873,59,248,21.7803,57,7.4021
20252026,8478874,58,144,10.8091,31,1.6192
20252026,8478882,74,193,6.9781,11,1.5127
20252026,8478888,2,2,0.2652,1,0.0
20252026,8478891,52,93,5.1438,11,0.0
20252026,8478904,49,104,8.7098,36,0.1925
20252026,8478911,68,143,3.7719,4,0.1433
20252026,8478916,2,3,0.0185,0,0.0
20252026,8478967,2,2,0.2596,1,0.0
20252026,8478970,67,169,5.0069,8,0.2286
20252026,8478975,60,192,16.2499,59,3.4493
20252026,8479022,33,66,4.8797,10,0.0
20252026,8479026,28,69,1.429,0,0.0574
20252026,8479066,44,85,5.5827,14,0.0505
20252026,8479291,1,2,0.1728,0,0.0
20252026,8479292,1,1,0.0002,0,0.0
20252026,8479293,35,67,4.4174,10,0.0
20252026,8479314,30,144,12.5557,32,6.0851
20252026,8479316,37,71,5.8989,22,0.0577
20252026,8479318,60,330,28.8907,86,6.8616
20252026,8479323,50,151,5.4538,6,1.8404
20252026,8479324,56,91,3.1603,5,0.0
20252026,8479325,63,187,9.4139,21,2.6948
20252026,8479336,42,90,5.9536,16,0.0577
20252026,8479337,81,442,36.1553,99,15.5209
20252026,8479339,5,12,0.7911,1,0.5569
20252026,8479343,82,333,24.9563,62,7.2382
20252026,8479345,77,357,17.4932,34,7.4389
20252026,8479351,58,119,10.8905,38,0.1877
20252026,8479353,43,103,9.6518,38,0.604
20252026,8479359,54,109,8.5442,26,0.0832
20252026,8479362,3,8,0.69,3,0.4517
20252026,8479365,56,109,8.857,27,0.1426
20252026,8479368,13,26,2.0215,5,0.0
20252026,8479369,62,136,2.944,2,0.2248
20252026,8479370,54,128,9.0992,26,0.2982
20252026,8479371,56,100,1.7381,0,0.0
20252026,8479372,15,27,0.8877,1,0.0
20252026,8479378,65,170,5.6025,7,0.7029
20252026,8479383,1,1,0.1034,0,0.0
20252026,8479385,68,254,20.3022,57,4.5372
20252026,8479388,2,3,0.1753,0,0.0
20252026,8479390,50,88,7.3189,23,0.8458
20252026,8479393,29,68,4.1138,14,0.2694
20252026,8479395,10,17,0.733,1,0.0
20252026,8479398,46,76,2.7375,7,0.0448
20252026,8479400,26,65,5.9775,22,2.5142
20252026,8479402,12,22,0.6322,0,0.0
20252026,8479407,78,269,22.3057,69,6.5296
20252026,8479410,71,216,7.9074,8,3.1386
20252026,8479414,24,36,3.44,12,0.0
20252026,8479420,81,414,31.6539,89,10.6961
20252026,8479421,7,11,0.1457,0,0.0
20252026,8479425,73,209,7.5056,9,3.0921
20252026,8479442,51,105,3.2315,6,0.0
20252026,8479496,1,1,0.0062,0,0.0
20252026,8479520,63,103,7.3704,22,0.7533
20252026,8479525,67,238,16.7135,48,2.1301
20252026,8479533,9,15,0.7901,1,0.0
20252026,8479542,70,315,26.6417,78,4.9929
20252026,8479543,3,4,0.2284,0,0.0
20252026,8479550,5,17,1.4199,4,0.0
20252026,8479576,34,55,1.0161,1,0.0
20252026,8479591,50,156,8.9801,19,1.7462
20252026,8479619,76,233,15.366,42,1.9517
20252026,8479638,59,160,15.3643,49,3.1652
20252026,8479639,3,5,0.136,0,0.0
20252026,8479644,3,5,0.2486,1,0.0
20252026,8479661,59,124,10.3768,33,0.0
20252026,8479671,54,148,10.8805,31,0.0
20252026,8479675,68,241,16.793,54,2.3238
20252026,8479705,37,99,7.6846,19,0.6423
20252026,8479718,2,2,0.1138,0,0.0
20252026,8479772,2,7,0.6103,2,0.1969
20252026,8479941,2,3,0.1726,0,0.0
20252026,8479942,9,15,1.1194,3,0.0
20252026,8479944,17,28,1.9658,6,0.0
20252026,8479977,35,77,7.5112,29,0.0957
20252026,8479980,44,92,2.7869,2,0.0
20252026,8479981,6,8,0.4322,1,0.0
20252026,8479982,34,70,1.3973,2,0.0
20252026,8479983,67,135,3.5989,7,0.0642
20252026,8479985,19,36,0.8644,1,0.0
20252026,8479987,79,274,22.5762,66,8.3781
20252026,8479992,50,102,8.5831,28,0.9444
20252026,8479996,61,145,13.0204,49,1.0683
20252026,8479998,56,102,3.4861,5,0.0
20252026,8479999,63,138,11.6491,36,3.3453
20252026,8480001,25,42,1.0047,0,0.0
20252026,8480002,72,299,29.5676,104,12.0956
20252026,8480003,50,112,7.4209,20,0.7395
20252026,8480007,4,9,0.8274,3,0.0
20252026,8480009,73,214,15.2574,35,4.682
20252026,8480012,68,226,18.7278,52,7.0299
20252026,8480014,76,240,24.7707,87,10.6839
20252026,8480015,80,326,24.8157,67,7.0565
20252026,8480018,81,307,26.0161,74,11.093
20252026,8480021,11,20,0.9889,2,0.0832
20252026,8480023,58,139,13.6483,57,2.7878
20252026,8480027,82,429,38.4468,115,14.4965
20252026,8480028,72,213,19.0014,58,7.9745
20252026,8480035,32,69,1.6401,2,0.2044
20252026,8480036,72,220,8.3977,8,2.1367
20252026,8480039,76,310,26.6481,83,10.4902
20252026,8480043,37,72,2.3918,3,0.3592
20252026,8480049,56,134,3.502,4,0.0642
20252026,8480058,20,33,1.1735,1,0.0
20252026,8480064,39,104,9.3706,30,3.5148
20252026,8480068,63,146,10.9624,35,0.2825
20252026,8480069,74,322,15.5448,25,6.1168
20252026,8480074,45,114,8.4131,31,1.5887
20252026,8480075,5,8,0.1202,0,0.0
20252026,8480078,12,35,3.2143,10,0.3273
20252026,8480084,29,55,2.075,4,0.0
20252026,8480113,67,165,15.0174,50,4.4764
20252026,8480144,26,48,4.1877,15,0.0
20252026,8480145,44,143,3.73,0,1.633
20252026,8480185,66,158,13.6953,45,3.8165
20252026,8480188,74,213,16.3782,42,3.885
20252026,8480192,23,53,1.7491,3,0.0
20252026,8480196,29,35,0.9201,1,0.0761
20252026,8480208,76,284,25.141,75,9.2814
20252026,8480220,70,183,18.4832,61,6.4925
20252026,8480245,4,9,0.8198,3,0.0
20252026,8480246,63,113,4.0246,4,0.1047
20252026,8480259,18,36,2.3642,8,0.0832
20252026,8480281,49,91,7.0184,23,0.0
20252026,8480289,59,140,10.2693,35,0.1977
20252026,8480291,3,3,0.1526,0,0.0
20252026,8480326,2,3,0.1671,0,0.0
20252026,8480336,78,259,8.6355,11,0.9669
20252026,8480355,68,172,12.5315,38,0.0
20252026,8480426,58,126,5.6156,11,0.9218
20252026,8480434,52,141,5.1406,7,1.0427
20252026,8480448,62,152,11.0273,39,0.333
20252026,8480459,57,140,13.2729,48,1.7872
20252026,8480727,57,105,3.1729,5,0.0292
20252026,8480748,71,279,19.4046,60,4.6684
20252026,8480762,53,140,10.8768,30,0.5112
20252026,8480796,61,105,4.3605,11,0.0
20252026,8480797,71,196,15.6895,48,2.1574
20252026,8480798,32,83,6.9541,25,1.7538
20252026,8480800,74,285,14.3332,24,4.7814
20252026,8480801,59,302,26.712,79,11.3816
20252026,8480802,59,134,10.6416,40,1.8485
20252026,8480803,79,312,17.5223,21,7.5289
20252026,8480806,45,72,4.6886,10,0.0832
20252026,8480807,67,160,5.8323,11,0.1746
20252026,8480813,40,79,5.6648,13,0.1329
20252026,8480817,68,198,6.0621,10,1.0236
20252026,8480825,1,2,0.0429,0,0.0
20252026,8480828,3,4,0.1009,0,0.0
20252026,8480829,33,57,4.5794,14,0.124
20252026,8480830,79,324,27.8997,83,10.2736
20252026,8480831,18,32,0.8261,1,0.0
20252026,8480834,40,61,1.3217,1,0.0
20252026,8480835,64,150,11.4946,37,0.5153
20252026,8480839,76,279,14.9491,35,5.0328
20252026,8480840,40,63,5.3537,21,0.0
20252026,8480842,11,34,3.098,10,0.0
20252026,8480848,34,71,5.9718,20,0.3838
20252026,8480849,59,167,14.8796,47,3.9173
20252026,8480853,1,1,0.0308,0,0.0
20252026,8480855,63,165,14.6024,46,1.0085
20252026,8480860,47,84,3.0005,6,0.1988
20252026,8480865,74,247,8.7169,10,2.4748
20252026,8480870,10,22,1.5868,5,0.0
20252026,8480871,18,26,1.0618,0,0.1297
20252026,8480873,61,132,4.5461,8,0.2462
20252026,8480874,2,5,0.0732,0,0.0
20252026,8480876,29,50,3.9141,11,0.0
20252026,8480878,39,74,2.0279,2,0.0515
20252026,8480879,38,64,1.8817,4,0.0922
20252026,8480887,8,17,0.4673,0,0.0177
20252026,8480891,31,73,1.9123,5,0.0
20252026,8480893,76,342,27.4264,83,8.9017
20252026,8480950,32,47,1.2884,1,0.0
20252026,8480980,69,178,12.9064,34,0.2405
20252026,8480990,18,29,0.6811,0,0.0
20252026,8480995,65,147,11.5372,39,0.1734
20252026,8481004,2,3,0.1033,0,0.0
20252026,8481006,50,96,3.34,5,0.0
20252026,8481013,41,90,6.5322,23,0.897
20252026,8481014,12,25,0.5769,0,0.0
20252026,8481024,69,182,16.4961,47,4.2259
20252026,8481028,14,28,1.7166,4,0.0
20252026,8481030,12,29,0.8992,1,0.1969
20252026,8481032,55,111,9.4648,33,1.4956
20252026,8481043,60,127,8.9632,26,0.0
20252026,8481056,49,81,2.243,5,0.0
20252026,8481065,3,6,0.3237,1,0.1822
20252026,8481068,72,220,16.1668,51,4.3208
20252026,8481070,3,4,0.3722,2,0.0
20252026,8481077,10,24,1.4752,3,0.2206
20252026,8481093,1,2,0.3411,2,0.0
20252026,8481122,55,94,2.7391,3,0.0364
20252026,8481133,41,78,6.3007,24,0.0957
20252026,8481161,29,45,0.9337,0,0.0
20252026,8481167,30,46,1.1106,2,0.0
20252026,8481178,17,24,0.5061,1,0.0
20252026,8481186,10,18,1.3616,4,0.0
20252026,8481219,48,89,2.3367,3,0.0
20252026,8481237,45,78,5.4222,13,0.0874
20252026,8481477,37,58,4.4776,15,0.0
20252026,8481481,38,76,5.6883,14,0.0
20252026,8481491,10,16,1.0998,1,0.0
20252026,8481517,3,3,0.2697,1,0.1925
20252026,8481518,10,22,1.6571,5,0.0
20252026,8481519,1,1,0.0007,0,0.0
20252026,8481522,70,139,9.34,27,0.1723
20252026,8481523,31,78,5.8991,15,0.9252
20252026,8481524,75,193,10.5235,26,2.5482
20252026,8481525,62,129,3.3007,6,0.0
20252026,8481527,53,93,3.1965,5,0.2495
20252026,8481528,79,292,27.435,91,8.9479
20252026,8481532,46,108,9.6048,33,0.6077
20252026,8481533,77,278,24.4239,80,10.2814
20252026,8481534,1,1,0.0763,0,0.0
20252026,8481535,35,63,3.99,8,0.1799
20252026,8481540,81,395,36.3549,114,14.7994
20252026,8481542,79,285,9.4601,8,3.5509
20252026,8481546,59,139,7.4199,17,2.7115
20252026,8481547,1,1,0.007,0,0.0
20252026,8481553,60,163,14.983,52,5.1847
20252026,8481554,57,123,9.924,29,2.3711
20252026,8481556,23,53,3.8326,15,0.0
20252026,8481557,75,400,31.5554,88,11.5523
20252026,8481559,60,306,26.3843,78,6.0644
20252026,8481560,2,5,0.554,2,0.2021
20252026,8481562,1,3,0.0254,0,0.0
20252026,8481563,38,65,1.8341,1,0.0
20252026,8481564,1,2,0.0132,0,0.0
20252026,8481567,3,5,0.0786,0,0.0
20252026,8481568,65,132,3.1059,2,0.126
20252026,8481569,6,14,0.2445,0,0.0
20252026,8481572,4,12,0.5719,1,0.0177
20252026,8481575,10,19,0.6271,1,0.2001
20252026,8481577,8,16,1.3841,3,0.0925
20252026,8481580,71,200,17.1333,57,3.99
20252026,8481581,61,172,6.3471,8,1.3926
20252026,8481582,70,185,15.0455,49,2.0288
20252026,8481591,2,5,0.2495,1,0.0
20252026,8481592,4,7,0.5725,2,0.0395
20252026,8481593,33,49,1.6691,2,0.0515
20252026,8481596,68,247,21.4464,76,6.0036
20252026,8481598,67,158,7.9843,16,1.2959
20252026,8481599,6,11,0.1333,0,0.0
20252026,8481600,8,16,1.0468,2,0.0
20252026,8481601,72,173,15.5559,49,3.9085
20252026,8481604,80,341,30.83,97,14.8244
20252026,8481605,77,236,12.6361,30,3.7455
20252026,8481606,66,185,6.7258,12,0.8817
20252026,8481607,55,100,3.4483,5,0.1472
20252026,8481609,9,18,0.5377,0,0.0
20252026,8481617,77,184,15.4053,46,1.8991
20252026,8481618,37,88,7.1821,20,1.2529
20252026,8481624,70,171,15.0202,60,0.252
20252026,8481641,32,71,5.5764,17,0.0
20252026,8481655,16,41,3.2047,9,0.237
20252026,8481656,73,261,18.7538,55,1.0876
20252026,8481704,14,23,1.5802,2,0.0
20252026,8481711,58,140,11.7282,35,2.8759
20252026,8481712,3,6,0.6091,3,0.2521
20252026,8481716,52,167,15.3277,47,5.6425
20252026,8481719,28,65,1.6851,3,0.0
20252026,8481721,64,212,12.0861,25,1.92
20252026,8481725,49,104,7.6773,22,0.1192
20252026,8481726,28,44,3.8529,14,0.0
20252026,8481732,7,9,0.6422,0,0.0
20252026,8481754,24,47,3.0167,10,0.3398
20252026,8481789,44,92,5.738,14,0.1324
20252026,8481806,75,175,4.8796,8,0.3533
20252026,8481848,4,5,0.3331,1,0.0
20252026,8482055,72,207,16.6269,49,2.1706
20252026,8482062,48,109,9.0325,29,0.2982
20252026,8482067,2,4,0.1454,0,0.0
20252026,8482070,6,10,0.8611,2,0.0
20252026,8482072,8,10,0.4969,1,0.0
20252026,8482073,73,157,3.807,5,0.0895
20252026,8482074,64,153,13.241,36,3.4928
20252026,8482077,57,216,17.3546,50,3.8809
20252026,8482078,76,275,19.7512,52,7.2931
20252026,8482079,48,103,8.6356,29,1.81
20252026,8482087,29,72,2.2144,3,0.0832
20252026,8482088,66,174,13.6614,37,2.5861
20252026,8482089,60,130,12.8834,41,3.4042
20252026,8482090,23,36,2.7305,9,0.0
20252026,8482092,70,189,16.0388,54,2.1081
20252026,8482093,71,325,29.9151,98,8.8329
20252026,8482094,18,27,0.8499,1,0.0
20252026,8482095,59,132,3.2209,2,0.1831
20252026,8482097,80,298,23.6819,67,6.5756
20252026,8482100,73,195,7.7312,11,2.3731
20252026,8482103,25,41,3.2751,10,0.2405
20252026,8482105,65,236,10.6835,17,4.6959
20252026,8482107,16,28,1.3816,3,0.1869
20252026,8482109,81,261,23.364,70,6.8711
20252026,8482110,79,239,22.0133,75,6.5184
20252026,8482111,31,50,2.7692,6,0.0448
20252026,8482113,61,222,17.6611,53,5.5045
20252026,8482116,76,277,26.9826,93,7.3882
20252026,8482117,20,41,3.838,16,0.4797
20252026,8482118,7,10,0.4373,1,0.0
20252026,8482122,75,254,8.4833,12,0.6369
20252026,8482124,78,283,23.8008,78,6.1642
20252026,8482125,23,54,4.4712,13,0.6369
20252026,8482126,36,65,3.1878,8,0.5992
20252026,8482131,37,63,1.4065,1,0.0448
20252026,8482132,10,22,1.5881,5,0.0874
20252026,8482142,67,164,7.2721,8,2.3806
20252026,8482145,74,190,15.2178,49,1.6219
20252026,8482146,78,260,18.9761,55,6.1195
20252026,8482148,50,85,7.7771,29,0.0
20252026,8482149,65,216,18.2736,63,6.5756
20252026,8482153,2,3,0.3461,1,0.0
20252026,8482155,80,338,24.6873,71,5.0811
20252026,8482157,74,242,20.2919,66,6.4986
20252026,8482159,29,83,6.8986,19,2.2904
20252026,8482162,2,2,0.1456,0,0.0
20252026,8482165,47,81,2.452,4,0.0
20252026,8482166,36,68,2.0398,3,0.0
20252026,8482167,2,3,0.2217,1,0.0
20252026,8482168,1,1,0.0118,0,0.0
20252026,8482172,37,70,6.2978,23,0.0
20252026,8482174,2,4,0.0739,0,0.0
20252026,8482175,78,239,16.924,50,3.4018
20252026,8482176,54,118,4.7703,11,0.0
20252026,8482177,55,124,11.383,42,1.6326
20252026,8482178,55,114,5.1107,12,0.0
20252026,8482192,2,3,0.0362,0,0.0
20252026,8482201,58,118,10.1196,29,2.4236
20252026,8482206,7,14,0.9541,3,0.0
20252026,8482209,2,3,0.3269,1,0.0
20252026,8482245,69,152,3.5924,3,0.0
20252026,8482259,73,261,17.069,51,3.0774
20252026,8482408,45,98,8.1496,26,0.0
20252026,8482451,4,12,0.6741,1,0.0
20252026,8482460,15,25,2.5551,8,0.1988
20252026,8482470,23,41,1.0184,0,0.0
20252026,8482475,62,224,17.2552,57,2.9992
20252026,8482476,75,256,21.1292,56,5.8517
20252026,8482482,43,92,4.0277,12,0.0279
20252026,8482496,1,1,0.1157,0,0.0
20252026,8482511,58,127,6.0476,11,1.6609
20252026,8482516,19,32,1.0005,2,0.0
20252026,8482525,1,2,0.1611,0,0.0
20252026,8482623,27,50,3.735,10,0.0
20252026,8482624,1,1,0.0087,0,0.0
20252026,8482634,40,85,6.5578,21,0.7814
20252026,8482641,2,4,0.0532,0,0.0
20252026,8482652,2,5,0.3349,0,0.0
20252026,8482655,71,169,6.3224,16,0.162
20252026,8482659,76,250,24.0719,85,7.27
20252026,8482660,67,174,14.21,38,4.1452
20252026,8482663,1,1,0.0454,0,0.0
20252026,8482665,76,252,22.2977,63,8.1488
20252026,8482666,22,40,1.0466,2,0.2717
20252026,8482667,75,247,21.7492,73,7.0749
20252026,8482671,73,170,7.5042,10,1.0087
20252026,8482673,2,6,0.3951,2,0.0
20252026,8482679,73,290,23.7985,75,7.7913
20252026,8482684,62,213,9.202,13,1.9962
20252026,8482691,53,116,8.4193,19,0.6694
20252026,8482698,1,2,0.0907,0,0.0
20252026,8482699,79,405,29.249,76,9.3744
20252026,8482702,81,253,23.5136,83,6.5656
20252026,8482703,48,109,7.8321,22,1.0423
20252026,8482705,69,192,14.0427,42,0.7684
20252026,8482713,72,256,20.5717,59,5.6715
20252026,8482715,13,19,0.8609,1,0.3451
20252026,8482720,68,189,19.8637,68,7.4914
20252026,8482726,28,62,4.184,13,0.0
20252026,8482730,79,230,10.2915,19,4.1306
20252026,8482731,4,12,0.2554,0,0.0
20252026,8482733,55,119,4.2022,8,0.3165
20252026,8482737,74,182,14.5837,44,3.2663
20252026,8482740,80,305,34.4709,140,17.0118
20252026,8482742,18,48,4.7297,18,0.8882
20252026,8482745,72,262,20.2194,50,6.6784
20252026,8482747,14,23,1.7637,6,0.0
20252026,8482749,2,4,0.0924,0,0.0
20252026,8482751,54,122,9.8566,30,0.2571
20252026,8482758,26,58,5.3496,15,0.9147
20252026,8482762,60,135,5.6742,12,0.0326
20252026,8482765,28,63,4.702,15,0.9514
20252026,8482766,2,2,0.2189,0,0.0
20252026,8482768,52,101,8.4827,25,0.4227
20252026,8482775,73,200,17.1865,55,2.2066
20252026,8482781,1,2,0.0368,0,0.0
20252026,8482785,2,2,0.1163,0,0.0
20252026,8482787,8,17,1.259,4,0.0
20252026,8482802,3,4,0.3632,1,0.0
20252026,8482803,70,190,8.4314,14,0.4697
20252026,8482804,1,1,0.0087,0,0.0
20252026,8482807,16,25,0.598,0,0.0
20252026,8482809,76,282,28.3122,106,7.7425
20252026,8482858,45,74,2.2092,4,0.1615
20252026,8482859,36,59,5.0754,16,0.0698
20252026,8482861,15,26,0.7378,2,0.0
20252026,8482874,31,67,5.1847,16,0.0
20252026,8482877,17,28,2.4311,9,0.1748
20252026,8482896,27,41,2.8007,4,0.0
20252026,8482911,32,63,1.4283,0,0.0448
20252026,8482929,38,71,2.4861,5,0.0
20252026,8482947,38,64,4.0777,11,0.0
20252026,8482953,6,9,0.7862,3,0.0
20252026,8482964,42,64,1.4663,1,0.0
20252026,8482982,1,1,0.0062,0,0.0
20252026,8482993,15,45,3.0517,10,0.2031
20252026,8483039,3,5,0.2203,0,0.0
20252026,8483395,13,22,2.6787,13,0.0279
20252026,8483397,4,4,0.2138,0,0.0
20252026,8483398,28,51,1.6167,0,0.0935
20252026,8483406,32,72,4.8607,13,0.7114
20252026,8483424,10,19,1.3125,4,0.0
20252026,8483425,29,42,1.2594,3,0.0
20252026,8483429,2,6,0.1623,0,0.0
20252026,8483431,51,155,13.8134,41,4.1395
20252026,8483432,9,14,1.1925,4,0.1697
20252026,8483433,5,11,0.5215,0,0.0577
20252026,8483435,1,1,0.0122,0,0.0
20252026,8483444,2,2,0.102,0,0.0
20252026,8483445,76,423,27.5239,62,8.9527
20252026,8483447,11,15,1.2188,4,0.1907
20252026,8483448,3,4,0.0533,0,0.0
20252026,8483450,64,155,14.7265,59,2.1608
20252026,8483452,6,16,1.4825,7,0.0238
20252026,8483455,25,57,4.5521,15,0.3924
20252026,8483457,72,173,9.9813,22,2.7428
20252026,8483460,16,23,0.5804,0,0.0935
20252026,8483463,4,8,0.3484,1,0.1379
20252026,8483464,74,204,15.1328,41,1.4666
20252026,8483465,14,22,1.2469,3,0.0448
20252026,8483466,9,11,0.3421,0,0.0
20252026,8483467,3,6,0.1172,0,0.0
20252026,8483468,11,29,2.1211,6,0.6288
20252026,8483471,20,40,3.1,11,0.956
20252026,8483472,4,6,0.1692,0,0.0
20252026,8483476,7,17,0.9492,1,0.3723
20252026,8483482,1,2,0.1952,1,0.0
20252026,8483485,61,131,5.6733,9,0.5403
20252026,8483487,20,51,3.8835,11,0.0832
20252026,8483489,70,174,15.0958,55,3.2895
20252026,8483490,58,134,6.2318,18,0.3955
20252026,8483491,10,26,1.4272,3,0.0
20252026,8483493,61,220,19.8215,66,8.0619
20252026,8483495,61,161,6.4907,7,1.7437
20252026,8483497,25,57,4.5416,17,1.02
20252026,8483499,56,125,8.9784,27,1.4409
20252026,8483500,50,94,7.3409,23,1.7155
20252026,8483503,2,2,0.0289,0,0.0
20252026,8483505,3,8,0.538,1,0.0
20252026,8483506,53,130,4.6305,5,1.0781
20252026,8483510,28,64,2.0048,3,0.173
20252026,8483512,72,203,17.4014,58,2.3251
20252026,8483513,33,59,4.427,12,0.0515
20252026,8483515,79,297,26.0144,82,11.7926
20252026,8483516,68,263,22.7585,72,7.2457
20252026,8483524,64,157,14.2682,44,3.0952
20252026,8483525,57,130,12.3757,51,0.5014
20252026,8483526,6,7,0.1668,0,0.0
20252026,8483531,10,15,0.9526,2,0.0
20252026,8483546,1,1,0.0004,0,0.0
20252026,8483553,41,78,5.6487,18,0.3853
20252026,8483565,50,121,5.0822,9,1.5477
20252026,8483567,1,1,0.0268,0,0.0
20252026,8483570,44,89,7.2063,25,0.0
20252026,8483573,49,129,11.9759,41,2.6831
20252026,8483609,65,138,8.976,21,0.8309
20252026,8483630,21,59,5.7328,22,1.6738
20252026,8483669,9,23,1.8226,4,0.0
20252026,8483675,2,6,0.293,1,0.0
20252026,8483676,24,44,3.5565,10,1.1437
20252026,8483678,48,83,1.8507,2,0.0326
20252026,8483686,12,17,0.6346,1,0.0
20252026,8483687,4,10,0.5551,1,0.0
20252026,8483690,54,115,9.457,33,0.7966
20252026,8483696,1,1,0.0714,0,0.0
20252026,8483699,1,2,0.122,0,0.0
20252026,8483709,2,2,0.027,0,0.0
20252026,8483712,3,4,0.075,0,0.0
20252026,8483728,7,13,1.0445,5,0.0
20252026,8483731,16,39,2.9718,6,0.6795
20252026,8483733,29,44,3.4633,12,0.1697
20252026,8483752,34,86,6.5707,19,0.9689
20252026,8483756,20,40,3.3096,13,0.2621
20252026,8483768,12,16,0.4383,1,0.0326
20252026,8483771,17,27,1.8568,5,0.0
20252026,8483808,47,122,10.3363,30,4.0075
20252026,8483841,4,6,0.3196,1,0.0
20252026,8483890,47,120,12.8472,49,2.9769
20252026,8483930,5,6,0.1956,0,0.0
20252026,8484135,11,20,1.2967,2,0.0
20252026,8484136,46,92,7.0977,25,0.444
20252026,8484142,32,65,6.3834,23,2.5517
20252026,8484144,68,338,27.0008,73,8.5521
20252026,8484145,59,159,14.6835,44,2.9399
20252026,8484148,1,1,0.0308,0,0.0
20252026,8484149,46,91,7.2264,16,1.5067
20252026,8484150,23,47,1.1495,1,0.1425
20252026,8484152,3,5,0.3665,1,0.0536
20252026,8484153,68,283,24.503,77,8.7141
20252026,8484158,56,144,10.8465,28,2.4213
20252026,8484160,23,49,4.0109,13,1.2808
20252026,8484164,60,144,10.8313,33,3.0585
20252026,8484166,79,323,27.9823,87,8.9998
20252026,8484168,6,10,0.6566,1,0.0
20252026,8484169,5,8,0.1381,0,0.0
20252026,8484177,29,76,4.5777,13,0.3364
20252026,8484180,13,33,2.18,6,0.0
20252026,8484185,36,100,8.6549,29,2.426
20252026,8484186,69,244,17.929,50,6.3401
20252026,8484188,13,31,1.4239,5,0.0
20252026,8484197,43,96,7.5678,24,1.5753
20252026,8484203,11,28,2.202,7,0.5054
20252026,8484210,42,106,10.546,40,1.9915
20252026,8484214,3,9,0.4745,0,0.0536
20252026,8484220,2,4,0.0921,0,0.0
20252026,8484221,50,115,10.4079,38,4.1169
20252026,8484223,60,122,4.252,4,1.4029
20252026,8484227,64,243,21.1504,68,7.4315
20252026,8484230,24,54,4.4478,12,0.2434
20252026,8484234,6,11,0.9682,3,0.3253
20252026,8484240,52,100,3.1531,4,0.8862
20252026,8484241,61,150,12.9118,42,3.6151
20252026,8484242,3,4,0.163,0,0.0
20252026,8484255,2,3,0.19,0,0.0
20252026,8484258,77,252,7.208,7,0.4622
20252026,8484262,4,7,0.1889,0,0.0
20252026,8484287,1,1,0.0062,0,0.0
20252026,8484304,43,83,3.5208,6,0.8484
20252026,8484305,26,35,1.0613,2,0.0
20252026,8484321,35,60,1.8555,2,0.0
20252026,8484380,3,6,0.2648,0,0.0
20252026,8484386,21,36,0.9957,0,0.0
20252026,8484387,75,243,20.5112,63,7.4384
20252026,8484388,28,69,6.4847,24,1.4372
20252026,8484392,1,2,0.1567,0,0.0
20252026,8484403,4,5,0.2965,1,0.0
20252026,8484406,5,6,0.4943,1,0.0
20252026,8484428,10,21,0.466,1,0.0
20252026,8484471,72,176,18.0712,70,3.1693
20252026,8484509,13,20,1.3045,3,0.0
20252026,8484529,3,5,0.7133,3,0.0
20252026,8484759,3,9,0.3543,0,0.0935
20252026,8484762,78,314,28.8095,96,7.9616
20252026,8484768,30,78,3.6531,4,1.4031
20252026,8484779,2,2,0.136,0,0.0
20252026,8484783,55,129,5.9461,14,1.819
20252026,8484793,5,8,0.6932,2,0.0
20252026,8484794,11,31,1.9639,3,0.2094
20252026,8484797,8,22,1.104,3,0.0
20252026,8484798,59,112,5.02,10,1.8539
20252026,8484800,59,132,11.3496,34,1.7692
20252026,8484801,82,409,33.0965,78,11.8278
20252026,8484806,56,123,4.3588,8,0.1248
20252026,8484821,3,5,0.5715,3,0.0
20252026,8484829,62,125,10.9416,38,1.6107
20252026,8484839,7,15,0.4983,1,0.0441
20252026,8484860,36,106,8.0272,22,2.23
20252026,8484873,12,37,1.8781,3,0.4521
20252026,8484901,15,24,0.9826,0,0.0
20252026,8484911,72,164,16.8684,71,0.5811
20252026,8484933,2,5,0.3717,2,0.0
20252026,8484938,15,38,2.4672,4,0.0
20252026,8484958,38,71,4.2317,11,0.0957
20252026,8484984,72,212,17.2241,46,6.1985
20252026,8484994,26,72,7.6702,32,1.4722
20252026,8484999,3,9,1.0158,5,0.5896
20252026,8485251,2,2,0.1488,0,0.0
20252026,8485366,80,304,15.8405,31,5.1322
20252026,8485388,1,2,0.0983,0,0.0
20252026,8485391,12,53,3.7433,7,1.7516
20252026,8485395,2,3,0.1461,0,0.0
20252026,8485402,37,82,8.3919,31,1.8921
20252026,8485405,1,3,0.1641,0,0.0
20252026,8485406,8,42,3.3339,7,1.8266
20252026,8485414,69,218,18.3947,51,4.7843
20252026,8485467,4,6,0.4635,2,0.0
20252026,8485493,20,46,4.2712,15,2.2578
20252026,8485511,3,4,0.3113,1,0.0
20252026,8485512,31,61,4.4321,14,0.0
20252026,8485702,39,86,6.6242,20,1.234
20252026,8486056,5,7,0.6901,2,0.1683
