dbin,abin,shot_type,strength,goals,n,rate
0,0,backhand,EV,105,636,0.16526969069604835
0,0,backhand,PP,28,166,0.16826418019667982
0,0,backhand,SH,7,28,0.19349664459601865
0,0,other,EV,17,75,0.20729687212834072
0,0,other,PP,3,20,0.17481347171657496
0,0,other,SH,0,2,0.17717867318267738
0,0,slap,EV,3,25,0.13531318432506753
0,0,slap,PP,2,12,0.1458558426059825
0,0,tip,EV,166,1608,0.10325410531293991
0,0,tip,PP,65,643,0.10131984020196837
0,0,tip,SH,2,18,0.10548522643568926
0,0,wrap,EV,2,11,0.15427566603289944
0,0,wrap,PP,0,1,0.14677987357927638
0,0,wrist,EV,245,1320,0.18553191080636514
0,0,wrist,PP,95,522,0.18218906686045347
0,0,wrist,SH,6,27,0.19579352773314848
0,1,backhand,EV,76,435,0.17766102402830913
0,1,backhand,PP,36,123,0.26197927264487986
0,1,backhand,SH,6,23,0.21617116739774722
0,1,other,EV,10,37,0.22893606566939217
0,1,other,PP,3,13,0.2083123064374115
0,1,other,SH,0,1,0.20011144868739408
0,1,slap,EV,0,11,0.11465413850891032
0,1,slap,PP,1,5,0.14062221283280973
0,1,slap,SH,0,2,0.13129748119568763
0,1,tip,EV,102,925,0.1104052824525368
0,1,tip,PP,36,315,0.11399787524199663
0,1,tip,SH,0,12,0.0937389335520658
0,1,wrap,EV,1,20,0.1069872945033252
0,1,wrap,PP,0,3,0.11998386603596851
0,1,wrap,SH,0,1,0.12391776328304945
0,1,wrist,EV,169,916,0.18471177391499954
0,1,wrist,PP,73,355,0.20308118395431216
0,1,wrist,SH,2,18,0.17023963257743008
0,2,backhand,EV,66,379,0.17331028967369727
0,2,backhand,PP,15,115,0.14333266952430343
0,2,backhand,SH,4,10,0.2011888166679014
0,2,other,EV,4,38,0.11894694652765943
0,2,other,PP,0,10,0.10938286799586605
0,2,slap,EV,1,8,0.16112976015922686
0,2,slap,PP,1,3,0.17391783636234012
0,2,tip,EV,77,619,0.12509477716313697
0,2,tip,PP,29,194,0.14543052635342518
0,2,tip,SH,0,2,0.12805409183499994
0,2,wrap,EV,8,36,0.19790963080420398
0,2,wrap,PP,0,1,0.18031679601973086
0,2,wrist,EV,147,806,0.1825807467738018
0,2,wrist,PP,68,351,0.19249373894431226
0,2,wrist,SH,4,18,0.19378111161682496
0,3,backhand,EV,72,970,0.07481298064481973
0,3,backhand,PP,28,225,0.11599077215496253
0,3,backhand,SH,2,23,0.0850285549899316
0,3,other,EV,8,47,0.14080889285996293
0,3,other,PP,1,18,0.10341732738482093
0,3,slap,EV,0,17,0.05437423851789739
0,3,slap,PP,0,5,0.06441255947504768
0,3,tip,EV,50,584,0.08730033725019823
0,3,tip,PP,32,198,0.1481450278648359
0,3,tip,SH,0,4,0.09720964358011977
0,3,wrap,EV,18,615,0.02985550687949172
0,3,wrap,PP,1,30,0.035027412707299
0,3,wrap,SH,1,12,0.04378426588412374
0,3,wrist,EV,217,2103,0.10342699110158958
0,3,wrist,PP,91,625,0.14264610474852302
0,3,wrist,SH,3,43,0.09429691022075977
1,0,backhand,EV,64,483,0.13444683098684768
1,0,backhand,PP,23,101,0.19878651693079674
1,0,backhand,SH,6,32,0.1630937959332421
1,0,other,EV,2,21,0.12333180543786867
1,0,other,PP,1,4,0.14046681625730253
1,0,other,SH,0,1,0.1309815777125797
1,0,slap,EV,3,25,0.12612417140518087
1,0,slap,PP,0,4,0.12063366514750584
1,0,tip,EV,98,1222,0.08046935134543602
1,0,tip,PP,30,318,0.09302039265833063
1,0,tip,SH,3,21,0.10076183240554294
1,0,wrist,EV,200,1168,0.17220510938974676
1,0,wrist,PP,109,441,0.2404548389832515
1,0,wrist,SH,9,39,0.20674620535968702
1,1,backhand,EV,29,256,0.11752633726170933
1,1,backhand,PP,12,52,0.17980645155982275
1,1,backhand,SH,3,11,0.15687778274225558
1,1,other,EV,2,18,0.1172386004237837
1,1,other,PP,0,1,0.11712476775500212
1,1,slap,EV,1,12,0.10730078811321392
1,1,slap,PP,0,2,0.10847833458308713
1,1,slap,SH,0,1,0.11025666793690822
1,1,tip,EV,41,689,0.06038732739069062
1,1,tip,PP,13,120,0.09572282342015154
1,1,tip,SH,0,2,0.06822755186495603
1,1,wrist,EV,115,724,0.15943165647255847
1,1,wrist,PP,38,182,0.19832404410944562
1,1,wrist,SH,6,33,0.17198299649984777
1,2,backhand,EV,22,238,0.09393493995026751
1,2,backhand,PP,3,43,0.08730691364252151
1,2,backhand,SH,3,8,0.13224429566440757
1,2,other,EV,0,6,0.09034291275971029
1,2,other,PP,0,3,0.0946449562244584
1,2,slap,EV,1,12,0.10389932667813698
1,2,slap,PP,1,10,0.10686787886894089
1,2,tip,EV,17,417,0.04400783183369177
1,2,tip,PP,12,74,0.1193413118259028
1,2,tip,SH,1,3,0.07923390134398374
1,2,wrap,EV,0,1,0.11056748849979055
1,2,wrist,EV,120,802,0.14928320564968164
1,2,wrist,PP,27,200,0.13723893565394452
1,2,wrist,SH,3,22,0.14246491792714114
1,3,backhand,EV,21,474,0.044798609443717545
1,3,backhand,PP,4,71,0.0528431865873677
1,3,backhand,SH,0,11,0.04116137243584745
1,3,other,EV,3,13,0.15072763193684463
1,3,other,PP,2,2,0.16134059889338156
1,3,slap,EV,1,10,0.09225116602119188
1,3,slap,PP,1,6,0.09784214578005199
1,3,slap,SH,0,1,0.08946855117185953
1,3,tip,EV,9,262,0.03653026786591336
1,3,tip,PP,4,68,0.052833955100188304
1,3,tip,SH,0,1,0.0452909221774443
1,3,wrist,EV,139,1515,0.0919866619101871
1,3,wrist,PP,53,435,0.11894745961322155
1,3,wrist,SH,2,21,0.09727151245116876
2,0,backhand,EV,13,216,0.06459681164719488
2,0,backhand,PP,5,45,0.09360685728215036
2,0,backhand,SH,1,7,0.08699582111381773
2,0,other,EV,0,9,0.09321994639723977
2,0,slap,EV,5,28,0.14219698861309213
2,0,slap,PP,0,11,0.1058216196894663
2,0,tip,EV,46,803,0.05813374218624053
2,0,tip,PP,21,212,0.09253463053943228
2,0,tip,SH,1,10,0.07384885009607976
2,0,wrist,EV,163,991,0.16496936439376791
2,0,wrist,PP,79,394,0.19687841845341428
2,0,wrist,SH,10,54,0.1787965085776322
2,1,backhand,EV,9,136,0.0736189054953427
2,1,backhand,PP,2,16,0.09775401943535748
2,1,backhand,SH,2,7,0.11088515637443536
2,1,other,EV,1,8,0.11466707150087169
2,1,other,PP,0,1,0.11143214527966025
2,1,slap,EV,3,22,0.11552102646503484
2,1,slap,PP,0,8,0.09518712014901261
2,1,slap,SH,0,1,0.10611023229725997
2,1,tip,EV,22,444,0.04997813534321539
2,1,tip,PP,1,55,0.03642591489548307
2,1,tip,SH,0,2,0.05143516472549278
2,1,wrist,EV,111,713,0.15556570309954154
2,1,wrist,PP,33,189,0.16968790560620722
2,1,wrist,SH,2,29,0.12643020781961348
2,2,backhand,EV,15,184,0.0823560908539104
2,2,backhand,PP,1,18,0.07813956626095045
2,2,backhand,SH,0,1,0.08352272407137926
2,2,other,EV,0,1,0.10046405665709607
2,2,other,PP,0,1,0.10046405665709607
2,2,slap,EV,2,22,0.09289600743726191
2,2,slap,PP,0,7,0.08384287477396234
2,2,tip,EV,3,251,0.01627160734948005
2,2,tip,PP,2,18,0.05205730622677302
2,2,tip,SH,0,1,0.033778194847349105
2,2,wrist,EV,109,805,0.13530328460080723
2,2,wrist,PP,24,181,0.1329350256419015
2,2,wrist,SH,4,24,0.14330168071069357
2,3,backhand,EV,7,368,0.01976144231624214
2,3,backhand,PP,0,19,0.018454396346223253
2,3,backhand,SH,0,9,0.021128946541328072
2,3,other,EV,0,3,0.06071457687905416
2,3,other,PP,0,1,0.06270521874394118
2,3,slap,EV,6,36,0.13051812818847094
2,3,slap,PP,2,15,0.11372987074790948
2,3,tip,EV,1,97,0.019646994503233716
2,3,tip,PP,1,18,0.039545873551380686
2,3,wrist,EV,101,1421,0.07137173912498336
2,3,wrist,PP,39,372,0.10116098528726931
2,3,wrist,SH,3,24,0.09168506719167076
3,0,backhand,EV,8,138,0.06795364780501194
3,0,backhand,PP,3,15,0.11273096353856484
3,0,backhand,SH,1,7,0.09634063082675168
3,0,other,EV,0,8,0.10381939843994799
3,0,slap,EV,2,45,0.0916145803768949
3,0,slap,PP,4,17,0.1509029992152463
3,0,slap,SH,2,4,0.1503051709308432
3,0,tip,EV,29,532,0.05627164398449763
3,0,tip,PP,20,199,0.09387186578695984
3,0,tip,SH,0,2,0.06956150385197737
3,0,wrist,EV,175,1017,0.1723082926256245
3,0,wrist,PP,61,302,0.1977238429773414
3,0,wrist,SH,10,62,0.16865599309670154
3,1,backhand,EV,7,111,0.06957130639701628
3,1,backhand,PP,1,8,0.08671607932190858
3,1,backhand,SH,0,4,0.07651083427952787
3,1,slap,EV,6,40,0.13026007488082608
3,1,slap,PP,0,17,0.09124685049457934
3,1,slap,SH,1,2,0.12945173367875176
3,1,tip,EV,17,285,0.06087030063614532
3,1,tip,PP,1,28,0.056821064993978807
3,1,tip,SH,0,1,0.06557792982737926
3,1,wrist,EV,127,929,0.1366775871956728
3,1,wrist,PP,27,195,0.13793777935890347
3,1,wrist,SH,5,34,0.14015035889915303
3,2,backhand,EV,3,109,0.03623116113190785
3,2,backhand,PP,0,8,0.0459274445778298
3,2,backhand,SH,0,5,0.04804717278911426
3,2,other,EV,0,1,0.1166791709849653
3,2,other,PP,1,2,0.13092628113036908
3,2,slap,EV,7,49,0.13442697743890858
3,2,slap,PP,4,25,0.13708871224518865
3,2,slap,SH,0,3,0.12146889747366721
3,2,tip,EV,2,133,0.023275374735731526
3,2,tip,PP,0,11,0.03510066653515753
3,2,wrist,EV,120,1041,0.11568914412574713
3,2,wrist,PP,40,254,0.15087180790588403
3,2,wrist,SH,3,24,0.12349699621961412
3,3,backhand,EV,2,242,0.010041370665142445
3,3,backhand,PP,0,12,0.014340193623236361
3,3,backhand,SH,0,9,0.014963680302507509
3,3,other,EV,0,3,0.06783123583878593
3,3,other,PP,1,1,0.08644865340727072
3,3,slap,EV,6,84,0.0652742219125131
3,3,slap,PP,2,60,0.04499573296168238
3,3,tip,EV,2,40,0.05176148027637951
3,3,tip,PP,0,5,0.04886381580981463
3,3,wrist,EV,87,1658,0.052903320244009
3,3,wrist,PP,43,346,0.11548744871725972
3,3,wrist,SH,2,28,0.0669080020364483
4,0,backhand,EV,1,96,0.025369337632698233
4,0,backhand,PP,0,6,0.04481237379849885
4,0,backhand,SH,0,4,0.04621276047970194
4,0,other,EV,0,2,0.11211351907813563
4,0,slap,EV,14,80,0.1629715971944538
4,0,slap,PP,6,44,0.14246176545407244
4,0,slap,SH,0,1,0.1445249771675989
4,0,tip,EV,12,293,0.04214277598417604
4,0,tip,PP,1,68,0.03028437439386048
4,0,wrist,EV,174,1173,0.1481950146958512
4,0,wrist,PP,26,228,0.12057101777772404
4,0,wrist,SH,15,67,0.1868067174801931
4,1,backhand,EV,1,70,0.033964206363633294
4,1,backhand,PP,0,4,0.053364794176130124
4,1,backhand,SH,0,2,0.05508623914955368
4,1,other,EV,0,1,0.10870388833889721
4,1,slap,EV,10,78,0.1371570398135644
4,1,slap,PP,9,34,0.1907199095135307
4,1,slap,SH,0,1,0.1463552703978998
4,1,tip,EV,10,218,0.04851727578573437
4,1,tip,PP,0,9,0.05054786475991528
4,1,tip,SH,0,1,0.05717709292515007
4,1,wrist,EV,160,1281,0.12484576329606079
4,1,wrist,PP,30,254,0.11916614197457814
4,1,wrist,SH,8,61,0.1274228808265912
4,2,backhand,EV,1,88,0.021070565304938553
4,2,backhand,PP,0,4,0.033100682267670406
4,2,backhand,SH,0,3,0.03362608992271279
4,2,other,EV,0,3,0.06655723415061766
4,2,other,PP,0,1,0.06873943854899857
4,2,slap,EV,12,95,0.11902433015095389
4,2,slap,PP,9,80,0.11034836552427035
4,2,slap,SH,0,2,0.10401243828061048
4,2,tip,EV,0,71,0.015402558003517789
4,2,tip,PP,0,2,0.03254411449130371
4,2,wrist,EV,113,1483,0.0761999142047029
4,2,wrist,PP,30,417,0.07248735349655466
4,2,wrist,SH,5,39,0.09673199613996539
4,3,backhand,EV,1,180,0.007500496307441027
4,3,backhand,PP,0,14,0.010812420456565495
4,3,backhand,SH,0,9,0.011595929185302126
4,3,other,EV,0,1,0.040427661092630386
4,3,slap,EV,11,142,0.07680468656978413
4,3,slap,PP,12,136,0.0842578912606959
4,3,slap,SH,0,1,0.07400896208354744
4,3,tip,EV,0,19,0.02266897632996951
4,3,tip,PP,0,5,0.027551525077962942
4,3,wrist,EV,49,1731,0.02867666332452554
4,3,wrist,PP,34,356,0.08740361541881068
4,3,wrist,SH,0,27,0.027125333496841868
5,0,backhand,EV,1,80,0.025548523219951155
5,0,backhand,PP,0,2,0.041561181464405836
5,0,backhand,SH,0,1,0.042242512308084616
5,0,other,EV,0,3,0.0765082923768408
5,0,other,PP,0,1,0.07901676097936018
5,0,slap,EV,30,276,0.10845876309564229
5,0,slap,PP,15,130,0.11285339157966216
5,0,slap,SH,0,1,0.1056089245923903
5,0,tip,EV,3,133,0.029272895168166554
5,0,tip,PP,1,13,0.049995462567892404
5,0,tip,SH,0,1,0.043437192909117135
5,0,wrist,EV,258,3018,0.08552417513487766
5,0,wrist,PP,62,669,0.09224061874506645
5,0,wrist,SH,10,88,0.10299602071049618
5,1,backhand,EV,0,53,0.018399785866122238
5,1,backhand,PP,0,4,0.032487121919872075
5,1,backhand,SH,0,2,0.03353509359470666
5,1,other,PP,1,1,0.09901153467931892
5,1,slap,EV,25,353,0.07189541463331098
5,1,slap,PP,25,275,0.0886352425180819
5,1,slap,SH,0,4,0.07332509755558493
5,1,tip,EV,2,133,0.019694755677683272
5,1,tip,PP,0,11,0.025367434447786916
5,1,wrist,EV,238,3587,0.06640795389637368
5,1,wrist,PP,67,796,0.08316566338793782
5,1,wrist,SH,10,127,0.07588132545494534
5,2,backhand,EV,1,80,0.01942282162678025
5,2,backhand,PP,0,3,0.02728880996427357
5,2,backhand,SH,0,6,0.026048409511352046
5,2,other,EV,0,1,0.0677313747050862
5,2,other,PP,1,1,0.08412481732803702
5,2,slap,EV,39,510,0.0762804696633939
5,2,slap,PP,48,630,0.07605777928715148
5,2,slap,SH,0,9,0.0649256189584713
5,2,tip,EV,2,43,0.05261783399246567
5,2,tip,PP,1,7,0.06596472986901439
5,2,wrist,EV,159,3510,0.04537150225932579
5,2,wrist,PP,58,814,0.06976689137962595
5,2,wrist,SH,3,117,0.033764198111825294
5,3,backhand,EV,2,225,0.00951733400501581
5,3,backhand,PP,0,7,0.010633435692977693
5,3,backhand,SH,0,10,0.010177717020421506
5,3,other,EV,2,4,0.08377854927043718
5,3,slap,EV,9,310,0.028781910185479338
5,3,slap,PP,5,192,0.026386137970743476
5,3,slap,SH,0,5,0.025373950286574704
5,3,tip,EV,0,20,0.022551880495888178
5,3,tip,PP,1,5,0.0431407759949393
5,3,tip,SH,0,1,0.02957623671591892
5,3,wrist,EV,74,3231,0.022965640482918093
5,3,wrist,PP,21,331,0.05774916324624924
5,3,wrist,SH,0,46,0.0149049323517307
6,0,backhand,EV,1,29,0.03688604979531445
6,0,backhand,PP,0,3,0.03623584812353946
6,0,backhand,SH,0,2,0.03682029728682235
6,0,slap,EV,31,515,0.06153125360205775
6,0,slap,PP,36,372,0.09347331208607225
6,0,slap,SH,0,6,0.06637077001792746
6,0,tip,EV,0,13,0.0282353776415709
6,0,tip,PP,0,2,0.03324488012636574
6,0,wrist,EV,83,2702,0.03081790708099155
6,0,wrist,PP,37,699,0.051540262658364505
6,0,wrist,SH,1,38,0.03182713630304752
6,1,backhand,EV,0,19,0.019334237643665975
6,1,backhand,PP,0,2,0.02463556086854213
6,1,backhand,SH,0,1,0.02503942252212479
6,1,other,EV,0,1,0.03365955158711857
6,1,slap,EV,26,620,0.04248785681389521
6,1,slap,PP,22,374,0.057354245699190655
6,1,slap,SH,1,6,0.058965797476496114
6,1,tip,EV,0,20,0.018862528833684968
6,1,tip,PP,0,3,0.02395241756658409
6,1,wrist,EV,63,2358,0.02681372751403389
6,1,wrist,PP,24,422,0.05360081562019492
6,1,wrist,SH,0,72,0.01390600855252994
6,2,backhand,EV,0,36,0.006367934305471085
6,2,backhand,PP,0,3,0.009703518941670224
6,2,backhand,SH,0,3,0.009703518941670224
6,2,other,EV,1,2,0.047959108407693254
6,2,slap,EV,14,652,0.02204723808194987
6,2,slap,PP,13,268,0.044809858275452155
6,2,slap,SH,0,11,0.023910331188004334
6,2,tip,EV,1,16,0.04431900422405551
6,2,tip,PP,1,1,0.055217120016856046
6,2,wrist,EV,29,2506,0.011596388374233175
6,2,wrist,PP,6,224,0.023789903409444816
6,2,wrist,SH,0,69,0.0058630431649792794
6,3,backhand,EV,0,74,0.0016010051188455764
6,3,backhand,PP,0,5,0.0033005336296201113
6,3,backhand,SH,0,5,0.0033005336296201113
6,3,other,EV,1,1,0.04082047696136636
6,3,slap,EV,1,167,0.006000543987455364
6,3,slap,PP,0,23,0.00436293355605262
6,3,slap,SH,0,1,0.005936450576268319
6,3,tip,EV,0,9,0.006396065170443942
6,3,tip,PP,0,1,0.007234893389518557
6,3,wrist,EV,18,2077,0.008654782902764143
6,3,wrist,PP,0,85,0.0034156625048756876
6,3,wrist,SH,0,21,0.006114457570456478
7,0,backhand,EV,0,21,0.014433941810165631
7,0,backhand,PP,0,2,0.018857246558442196
7,0,backhand,SH,0,1,0.019166381747924854
7,0,other,EV,0,1,0.026393050275830946
7,0,slap,EV,46,1398,0.03305216360956924
7,0,slap,PP,24,525,0.04476932400470418
7,0,slap,SH,1,7,0.04761275436943199
7,0,tip,EV,0,22,0.012878119600887352
7,0,tip,PP,0,11,0.014873321229193845
7,0,wrist,EV,55,2761,0.019977688791047343
7,0,wrist,PP,23,688,0.03256291454484566
7,0,wrist,SH,0,12,0.018848056660340996
7,1,backhand,EV,0,11,0.026352148605628758
7,1,backhand,PP,1,2,0.04630649275805874
7,1,other,EV,1,1,0.053099485682067675
7,1,slap,EV,25,979,0.025844476633606762
7,1,slap,PP,10,126,0.06372264098020121
7,1,slap,SH,0,10,0.026463017461677497
7,1,tip,EV,0,10,0.014986924896863768
7,1,tip,PP,0,3,0.016652138774293074
7,1,wrist,EV,23,1907,0.01216242449684902
7,1,wrist,PP,9,165,0.044104395490231214
7,1,wrist,SH,0,30,0.010260988725578036
7,2,backhand,EV,0,23,0.005315155830622426
7,2,backhand,PP,0,2,0.007115450547446151
7,2,backhand,SH,0,4,0.006893092717838459
7,2,other,EV,0,1,0.010551748487182978
7,2,slap,EV,7,410,0.01710324704732259
7,2,slap,PP,1,26,0.02370379200280949
7,2,slap,SH,0,4,0.016226970503775247
7,2,tip,EV,0,11,0.007680566533804354
7,2,tip,PP,0,1,0.008939675801641133
7,2,wrist,EV,21,2421,0.008696327584760258
7,2,wrist,PP,3,68,0.02793428701398592
7,2,wrist,SH,0,21,0.007106033799878984
7,3,backhand,EV,0,3,0.012461033975413276
7,3,slap,EV,0,6,0.011353958642886889
7,3,tip,EV,0,1,0.013291546317768152
7,3,wrist,EV,3,234,0.012788415594994992
7,3,wrist,PP,0,6,0.01151203310497769
7,3,wrist,SH,0,2,0.012254744918202056
8,0,backhand,EV,0,198,0.00036953601668264654
8,0,backhand,PP,0,3,0.0015133379730813143
8,0,backhand,SH,0,39,0.0009630332555972001
8,0,other,EV,0,8,0.006095926617910665
8,0,other,SH,0,1,0.006795459180621725
8,0,slap,EV,14,733,0.018994972254120376
8,0,slap,PP,2,98,0.01938615821213582
8,0,slap,SH,0,39,0.01073750502542888
8,0,tip,EV,0,320,0.0001915232870713596
8,0,tip,PP,0,5,0.0011196746013402562
8,0,tip,SH,0,8,0.001070277192457598
8,0,wrist,EV,17,2757,0.0061768849005688015
8,0,wrist,PP,6,166,0.028319844092488108
8,0,wrist,SH,0,536,0.0006716187330575709
8,1,backhand,EV,0,133,0.0007489483963045395
8,1,backhand,PP,0,5,0.0022238006228734787
8,1,backhand,SH,0,6,0.0021901066740420624
8,1,slap,EV,19,1613,0.011765637104008034
8,1,slap,PP,0,30,0.007599009722282665
8,1,slap,SH,0,7,0.010207625000081192
8,1,tip,EV,0,141,0.0007156315073244102
8,1,tip,PP,0,4,0.002247530202690726
8,1,wrist,EV,31,4407,0.0070409081862788485
8,1,wrist,PP,4,191,0.01773600345859608
8,1,wrist,SH,0,56,0.0038942833457553112
8,2,backhand,EV,0,16,0.004309799476670459
8,2,backhand,SH,0,1,0.005369586233228769
8,2,slap,EV,0,122,0.0007572493405835442
8,2,slap,PP,0,1,0.002259334098134509
8,2,tip,EV,0,7,0.005535765262834839
8,2,tip,PP,0,1,0.006080266764097282
8,2,wrist,EV,10,1246,0.008011582409697394
8,2,wrist,PP,0,33,0.004979856204997813
8,2,wrist,SH,0,11,0.006522910240349249
